,0,1
0,100 - 100.jpg,4
1,100 - 101.jpg,0
2,100 - 102.jpg,2
3,100 - 103.jpg,6
4,101 - 100.jpg,3
5,101 - 101.jpg,5
6,101 - 102.jpg,7
7,101 - 103.jpg,1
8,102 - 100.jpg,3
9,102 - 101.jpg,4
10,102 - 102.jpg,1
11,102 - 103.jpg,2
12,102 - 104.jpg,0
13,102 - 105.jpg,5
14,102 - 106.jpg,7
15,102 - 107.jpg,6
16,103 - 100.jpg,4
17,103 - 101.jpg,1
18,103 - 102.jpg,1
19,103 - 103.jpg,0
20,103 - 104.jpg,7
21,103 - 105.jpg,7
22,104 - 100.jpg,1
23,104 - 101.jpg,3
24,104 - 102.jpg,1
25,104 - 103.jpg,5
26,104 - 104.jpg,1
27,104 - 105.jpg,7
28,104 - 106.jpg,7
29,104 - 107.jpg,5
30,105 - 100.jpg,2
31,105 - 101.jpg,2
32,105 - 102.jpg,2
33,105 - 103.jpg,4
34,105 - 104.jpg,6
35,105 - 105.jpg,0
36,105 - 106.jpg,2
37,105 - 107.jpg,6
38,105 - 108.jpg,0
39,106 - 100.jpg,1
40,106 - 101.jpg,6
41,106 - 102.jpg,1
42,106 - 103.jpg,0
43,106 - 104.jpg,0
44,106 - 105.jpg,0
45,106 - 106.jpg,7
46,106 - 107.jpg,7
47,106 - 108.jpg,1
48,106 - 109.jpg,6
49,106 - 110.jpg,1
50,107 - 100.jpg,6
51,107 - 101.jpg,4
52,107 - 102.jpg,1
53,107 - 103.jpg,4
54,107 - 104.jpg,1
55,107 - 105.jpg,6
56,107 - 106.jpg,2
57,107 - 107.jpg,2
58,108 - 100.jpg,6
59,108 - 101.jpg,2
60,108 - 102.jpg,2
61,108 - 103.jpg,6
62,108 - 104.jpg,2
63,108 - 105.jpg,2
64,108 - 106.jpg,3
65,108 - 107.jpg,2
66,109 - 100.jpg,3
67,109 - 101.jpg,5
68,109 - 102.jpg,6
69,109 - 103.jpg,2
70,109 - 104.jpg,7
71,109 - 105.jpg,2
72,109 - 106.jpg,2
73,109 - 107.jpg,1
74,200 - 100.jpg,4
75,200 - 101.jpg,4
76,200 - 102.jpg,0
77,200 - 103.jpg,6
78,200 - 104.jpg,2
79,200 - 105.jpg,2
80,201 - 100.jpg,1
81,201 - 101.jpg,1
82,201 - 102.jpg,1
83,201 - 103.jpg,1
84,201 - 104.jpg,0
85,201 - 105.jpg,0
86,201 - 106.jpg,0
87,202 - 100.jpg,1
88,202 - 101.jpg,4
89,202 - 102.jpg,0
90,202 - 103.jpg,0
91,202 - 104.jpg,7
92,202 - 105.jpg,2
93,202 - 106.jpg,1
94,202 - 107.jpg,7
95,202 - 108.jpg,6
96,203 - 100.jpg,5
97,203 - 101.jpg,4
98,203 - 102.jpg,2
99,203 - 103.jpg,4
100,203 - 104.jpg,5
101,203 - 105.jpg,7
102,203 - 106.jpg,1
103,203 - 107.jpg,3
104,203 - 108.jpg,1
105,203 - 109.jpg,0
106,203 - 110.jpg,0
107,204 - 100.jpg,6
108,204 - 101.jpg,2
109,204 - 102.jpg,2
110,204 - 103.jpg,3
111,204 - 104.jpg,2
112,204 - 105.jpg,0
113,204 - 106.jpg,6
114,204 - 107.jpg,1
115,204 - 108.jpg,1
116,204 - 109.jpg,0
117,204 - 110.jpg,7
118,204 - 111.jpg,7
119,205 - 100.jpg,6
120,205 - 101.jpg,6
121,205 - 102.jpg,1
122,205 - 103.jpg,7
123,205 - 104.jpg,0
124,205 - 105.jpg,1
125,205 - 106.jpg,1
126,205 - 107.jpg,0
127,205 - 108.jpg,7
128,206 - 100.jpg,4
129,206 - 101.jpg,4
130,206 - 102.jpg,0
131,206 - 103.jpg,1
132,206 - 104.jpg,1
133,206 - 105.jpg,1
134,206 - 106.jpg,0
135,206 - 107.jpg,0
136,206 - 108.jpg,1
137,207 - 100.jpg,4
138,207 - 101.jpg,0
139,207 - 102.jpg,4
140,207 - 103.jpg,2
141,207 - 104.jpg,2
142,207 - 105.jpg,0
143,207 - 106.jpg,1
144,207 - 107.jpg,2
145,207 - 108.jpg,1
146,207 - 109.jpg,2
147,207 - 110.jpg,1
148,207 - 111.jpg,1
149,207 - 112.jpg,5
150,207 - 113.jpg,3
151,207 - 114.jpg,2
152,207 - 115.jpg,7
153,207 - 116.jpg,5
154,207 - 117.jpg,6
155,207 - 118.jpg,7
156,207 - 119.jpg,0
157,207 - 120.jpg,6
158,208 - 100.jpg,6
159,208 - 101.jpg,0
160,208 - 102.jpg,5
161,208 - 103.jpg,4
162,208 - 104.jpg,6
163,208 - 105.jpg,7
164,208 - 106.jpg,7
165,209 - 100.jpg,1
166,209 - 101.jpg,1
167,209 - 102.jpg,2
168,209 - 103.jpg,6
169,209 - 104.jpg,7
170,209 - 105.jpg,7
